ID,Sequence,,MF,CC,BP
P14416,MDPLNLSWYDDDLERQNWSRPFNGSDGKADRPHYNYYATLLTLLIAVIVFGNVLVCMAVSREKALQTTTNYLIVSLAVADLLVATLVMPWVVYLEVVGEWKFSRIHCDIFVTLDVMMCTASILNLCAISIDRYTAVAMPMLYNTRYSSKRRVTVMISIVWVLSFTISCPLLFGLNNADQNECIIANPAFVVYSSIVSFYVPFIVTLLVYIKIYIVLRRRRKRVNTKRSSRAFRAHLRAPLKGNCTHPEDMKLCTVIMKSNGSFPVNRRRVEAARRAQELEMEMLSSTSPPERTRYSPIPPSHHQLTLPDPSHHGLHSTPDSPAKPEKNGHAKDHPKIAKIFEIQTMPNGKTRTSLKTMSRRKLSQQKEKKATQMLAIVLGVFIICWLPFFITHILNIHCDCNIPPVLYSAFTWLGYVNSAVNPIIYTTFNIEFRKAFLKILHC,,GO:0035240;GO:0001591;GO:0004930; GO:0001965;GO:1901363; GO:0032795;GO:0042802;GO:0035255;GO:0015459,GO:0001669; GO:0030424; GO:0043679; GO:0060170; GO:0005929; GO:0030425; GO:0043197; GO:0098691; GO:0030139; GO:0097648; GO:0098982; GO:0098978; GO:0000139; GO:0016328; GO:0097730; GO:0043204; GO:0005886; GO:0045211; GO:0042734; GO:0036126; GO:0045202; GO:0030672,GO:0046717; GO:0021984; GO:0007195; GO:0007628; GO:0050482; GO:0008306; GO:0031223; GO:0006914; GO:0007409; GO:0048148; GO:0048149; GO:0048755; GO:0071361; GO:0071300; GO:0021853; GO:0032922; GO:0042417; GO:0051583; GO:0042756; GO:0050673; GO:0060079; GO:0002031; GO:0007625; GO:1990384; GO:0006874; GO:0035556; GO:0007626; GO:0007616; GO:0045776; GO:0030336; GO:0008285; GO:1900038; GO:0042321; GO:0051481; GO:0035305; GO:0060160; GO:0033602; GO:0050680; GO:0045824; GO:0046676; GO:2001223; GO:0051898; GO:0050709; GO:0051967; GO:0001976; GO:0007405; GO:0007270; GO:0021769; GO:0030432; GO:0043491; GO:0060158; GO:0007200; GO:0043473; GO:0032467; GO:0051586; GO:0070374; GO:0045745; GO:1900168; GO:0060124; GO:1900273; GO:0040018; GO:0002052; GO:0002092; GO:0035815; GO:0045944; GO:0035810; GO:0099170; GO:0060134; GO:0099171; GO:0008104; GO:0014059; GO:0051584; GO:0002027; GO:0090325; GO:0048169; GO:0043266; GO:0002028; GO:0051823; GO:0032228; GO:0051209; GO:0001975; GO:0048678; GO:0042220; GO:0032355; GO:0034776; GO:0001666; GO:0014854; GO:0010039; GO:0009416; GO:0043278; GO:0035094; GO:0009636; GO:0009410; GO:0007608; GO:0021756; GO:0007416; GO:0001659; GO:0008542; GO:0016055
P07550,MGQPGNGSAFLLAPNGSHAPDHDVTQERDEVWVVGMGIVMSLIVLAIVFGNVLVITAIAKFERLQTVTNYFITSLACADLVMGLAVVPFGAAHILMKMWTFGNFWCEFWTSIDVLCVTASIETLCVIAVDRYFAITSPFKYQSLLTKNKARVIILMVWIVSGLTSFLPIQMHWYRATHQEAINCYANETCCDFFTNQAYAIASSIVSFYVPLVIMVFVYSRVFQEAKRQLQKIDKSEGRFHVQNLSQVEQDGRTGHGLRRSSKFCLKEHKALKTLGIIMGTFTLCWLPFFIVNIVHVIQDNLIRKEVYILLNWIGYVNSGFNPLIYCRSPDFRIAFQELLCLRRSSLKAYGNGYSSNGNTGEQSGYHVEQEKENKLLCEDLPGTEDFVGHQGTVPSDNIDSQGRNCSTNDSLL,,GO:0008179; GO:0001540; GO:0004941; GO:0042802; GO:0051380; GO:0015459; GO:0042803; GO:0044877,GO:0016324; GO:0036064; GO:0005929; GO:0030669; GO:0005769; GO:0005768; GO:0010008; GO:0005794; GO:0045171; GO:0005764; GO:0016020; GO:0015630; GO:0072686; GO:0098992; GO:0005634; GO:0005886; GO:0043235,GO:0071880; GO:0007188; GO:0071875; GO:0098990; GO:0045453; GO:0050873; GO:0007166; GO:1904646; GO:0002024; GO:0031649; GO:0045744; GO:0040015; GO:0045986; GO:0002025; GO:1901098; GO:0030501; GO:0141163; GO:0120162; GO:1904504; GO:0043410; GO:0061885; GO:0045944; GO:0006898; GO:0002028; GO:0009409; GO:1990911; GO:0006939; GO:0006366
P29274,MPIMGSSVYITVELAIAVLAILGNVLVCWAVWLNSNLQNVTNYFVVSLAAADIAVGVLAIPFAITISTGFCAACHGCLFIACFVLVLTQSSIFSLLAIAIDRYIAIRIPLRYNGLVTGTRAKGIIAICWVLSFAIGLTPMLGWNNCGQPKEGKNHSQGCGEGQVACLFEDVVPMNYMVYFNFFACVLVPLLLMLGVYLRIFLAARRQLKQMESQPLPGERARSTLQKEVHAAKSLAIIVGLFALCWLPLHIINCFTFFCPDCSHAPLWLMYLAIVLSHTNSVVNPFIYAYRIREFRQTFRKIIRSHVLRQQEPFKAAGTSARVLAAHGSDGEQVSLRLNGHPPGVWANGSAPHPERRPNGYALGLVSGGSAQESQGNTGLPDVELLSHELKGVCPEPPGLDDPLAQDGAGVS,,GO:0051393; GO:0005516; GO:0019899; GO:0001609; GO:0042802; GO:0008289; GO:0044877; GO:0031802,GO:0032279; GO:0030673; GO:0030425; GO:0098978; GO:0005882; GO:0016020; GO:0043025; GO:0005886; GO:0045211; GO:0048786; GO:0042734,GO:0007189; GO:0007188; GO:0006915; GO:0097190; GO:0048143; GO:0008015; GO:0007596; GO:0007267; GO:0006968; GO:0007417; GO:0042755; GO:0060079; GO:0001973; GO:0006954; GO:0060080; GO:0007626; GO:0051899; GO:0046636; GO:0008285; GO:0050728; GO:0043524; GO:0043116; GO:0048812; GO:0006909; GO:0007200; GO:0014057; GO:2001235; GO:0045938; GO:0070374; GO:0014049; GO:1900273; GO:0050714; GO:0032230; GO:0051968; GO:0035810; GO:0060134; GO:0099171; GO:0051924; GO:0006355; GO:0051881; GO:0014061; GO:0001975; GO:0031000; GO:0014074; GO:0009410; GO:0007600; GO:0007271; GO:0001963; GO:0035249; GO:0042311
P35367,MSLPNSSCLLEDKMCEGNKTTMASPQLMPLVVVLSTICLVTVGLNLLVLYAVRSERKLHTVGNLYIVSLSVADLIVGAVVMPMNILYLLMSKWSLGRPLCLFWLSMDYVASTASIFSVFILCIDRYRSVQQPLRYLKYRTKTRASATILGAWFLSFLWVIPILGWNHFMQQTSVRREDKCETDFYDVTWFKVMTAIINFYLPTLLMLWFYAKIYKAVRQHCQHRELINRSLPSFSEIKLRPENPKGDAKKPGKESPWEVLKRKPKDAGGGSVLKSPSQTPKEMKSPVVFSQEDDREVDKLYCFPLDIVHMQAAAEGSSRDYVAVNRSHGQLKTDEQGLNTHGASEISEDQMLGDSQSFSRTDSDTTTETAPGKGKLRSGSNTGLDYIKFTWKRLRSHSRQYVSGLHMNRERKAAKQLGFIMAAFILCWIPYFIFFMVIAFCKNCCNEHLHMFTIWLGYINSTLNPLIYPLCNENFKKTFKRILHIRS,,GO:0004969,GO:0005829; GO:0030425; GO:0005886; GO:0045202,GO:0071420; GO:0007268; GO:0007186; GO:0007187; GO:0006954; GO:0007613; GO:0007200; GO:0045907; GO:0048167; GO:0043114; GO:0008542
P21554,MKSILDGLADTTFRTITTDLLYVGSNDIQYEDIKGDMASKLGYFPQKFPLTSFRGSPFQEKMTAGDNPQLVPADQVNITEFYNKSLSSFKENEENIQCGENFMDIECFMVLNPSQQLAIAVLSLTLGTFTVLENLLVLCVILHSRSLRCRPSYHFIGSLAVADLLGSVIFVYSFIDFHVFHRKDSRNVFLFKLGGVTASFTASVGSLFLTAIDRYISIHRPLAYKRIVTRPKAVVAFCLMWTIAIVIAVLPLLGWNCEKLQSVCSDIFPHIDETYLMFWIGVTSVLLLFIVYAYMYILWKAHSHAVRMIQRGTQKSIIIHTSEDGKVQVTRPDQARMDIRLAKTLVLILVVLIICWGPLLAIMVYDVFGKMNKLIKTVFAFCSMLCLLNSTVNPIIYALRSKDLRHAFRSMFPSCEGTAQPLDNSMGDSDCLHKHANNAASVHRAAESCIKSTVKIAKVTMSVSTDTSAEAL,,GO:0004949; GO:0004930; GO:0042802,GO:0015629; GO:0005737; GO:0098982; GO:0098978; GO:0030426; GO:0045121; GO:0005741; GO:0005886; GO:0042734,GO:0007189; GO:0007188; GO:0007413; GO:0038171; GO:0007187; GO:0042593; GO:0019222; GO:0099509; GO:0098921
P42866,MDSSAGPGNISDCSDPLAPASCSPAPGSWLNLSHVDGNQSDPCGPNRTGLGGSHSLCPQTGSPSMVTAITIMALYSIVCVVGLFGNFLVMYVIVRYTKMKTATNIYIFNLALADALATSTLPFQSVNYLMGTWPFGNILCKIVISIDYYNMFTSIFTLCTMSVDRYIAVCHPVKALDFRTPRNAKIVNVCNWILSSAIGLPVMFMATTKYRQGSIDCTLTFSHPTWYWENLLKICVFIFAFIMPVLIITVCYGLMILRLKSVRMLSGSKEKDRNLRRITRMVLVVVAVFIVCWTPIHIYVIIKALITIPETTFQTVSWHFCIALGYTNSCLNPVLYAFLDENFKRCFREFCIPTSSTIEQQNSARIRQNTREHPSTANTVDRTNHQLENLEAETAPLP,,GO:0004979; GO:0004985; GO:0004930; GO:0001965; GO:0038047,GO:0030424; GO:0030425; GO:0005768; GO:0098982; GO:0016020; GO:0043204; GO:0005886; GO:0098793,GO:0007191; GO:0007197; GO:0007193; GO:0038003; GO:0007626; GO:0051481; GO:0045019; GO:0061358; GO:0007200; GO:0070374; GO:0050769; GO:0099171; GO:2000310; GO:0019233; GO:0019226
P28222,MEEPGAQCAPPPPAGSETWVPQANLSSAPSQNCSAKDYIYQDSISLPWKVLLVMLLALITLATTLSNAFVIATVYRTRKLHTPANYLIASLAVTDLLVSILVMPISTMYTVTGRWTLGQVVCDFWLSSDITCCTASILHLCVIALDRYWAITDAVEYSAKRTPKRAAVMIALVWVFSISISLPPFFWRQAKAEEEVSECVVNTDHILYTVYSTVGAFYFPTLLLIALYGRIYVEARSRILKQTPNRTGKRLTRAQLITDSPGSTSSVTSINSRVPDVPSESGSPVYVNQVKVRVSDALLEKKKLMAARERKATKTLGIILGAFIVCWLPFFIISLVMPICKDACWFHLAIFDFFTWLGYLNSLINPIIYTMSNEDFKQAFHKLIRFKCTS,,GO:0004993; GO:0001586; GO:0030594; GO:0051378; GO:0099589,GO:0030425; GO:0005783; GO:0098666; GO:0005886; GO:0042734; GO:0099154,GO:0007193; GO:0007198; GO:0046849; GO:0071312; GO:0071466; GO:0007268; GO:0007187; GO:0014063; GO:0007208; GO:1904707; GO:0050795; GO:0042310
P28223,MDILCEENTSLSSTTNSLMQLNDDTRLYSNDFNSGEANTSDAFNWTVDSENRTNLSCEGCLSPSCLSLLHLQEKNWSALLTAVVIILTIAGNILVIMAVSLEKKLQNATNYFLMSLAIADMLLGFLVMPVSMLTILYGYRWPLPSKLCAVWIYLDVLFSTASIMHLCAISLDRYVAIQNPIHHSRFNSRTKAFLKIIAVWTISVGISMPIPVFGLQDDSKVFKEGSCLLADDNFVLIGSFVSFFIPLTIMVITYFLTIKSLQKEATLCVSDLGTRAKLASFSFLPQSSLSSEKLFQRSIHREPGSYTGRRTMQSISNEQKACKVLGIVFFLFVVMWCPFFITNIMAVICKESCNEDVIGALLNVFVWIGYLSSAVNPLVYTLFNKTYRSAFSRYIQCQYKENKKPLQLILVNTIPALAYKSSQLQMGQKKNSKQDAKTTDNDCSMVALGKQHSEEASKDNSDGVNEKVSCV,,GO:0071886; GO:0004993; GO:0001587; GO:0042802; GO:0030594; GO:0030296; GO:0044877; GO:0051378; GO:0099589; GO:0001618,GO:0030424; GO:0005901; GO:0070852; GO:0031410; GO:0030425; GO:0043198; GO:0098666; GO:0098978; GO:0005883; GO:0043025; GO:0005886; GO:0045211; GO:0042734,GO:0014824; GO:0048148; GO:0007268; GO:0050966; GO:0050965; GO:0007187; GO:0098664; GO:0006096; GO:0006874; GO:0007613; GO:0043267; GO:0051967; GO:0007208; GO:0008284; GO:0002720; GO:0007204; GO:2000573; GO:0070374; GO:1900119; GO:0045600; GO:0045821; GO:0031652; GO:0050729; GO:0043525; GO:0010513; GO:1901731; GO:0045907; GO:0099171; GO:0044380; GO:0014059; GO:0051209; GO:0009410; GO:0046960; GO:0007210; GO:0001659; GO:0014832
P35462,MASLSQLSGHLNYTCGAENSTGASQARPHAYYALSYCALILAIVFGNGLVCMAVLKERALQTTTNYLVVSLAVADLLVATLVMPWVVYLEVTGGVWNFSRICCDVFVTLDVMMCTASILNLCAISIDRYTAVVMPVHYQHGTGQSSCRRVALMITAVWVLAFAVSCPLLFGFNTTGDPTVCSISNPDFVIYSSVVSFYLPFGVTVLVYARIYVVLKQRRRKRILTRQNSQCNSVRPGFPQQTLSPDPAHLELKRYYSICQDTALGGPGFQERGGELKREEKTRNSLSPTIAPKLSLEVRKLSNGRLSTSLKLGPLQPRGVPLREKKATQMVAIVLGAFIVCWLPFFLTHVLNTHCQTCHVSPELYSATTWLGYVNSALNPVIYTTFNIEFRKAFLKILSC,,GO:0001591; GO:0004930,GO:0005886;GO:0045202,GO:0046717; GO:0007191; GO:0007195; GO:0050482; GO:0048148; GO:0032922; GO:0042417; GO:0002031; GO:0007186; GO:0006874; GO:0007612; GO:0007611; GO:0007626; GO:0050883; GO:0045776; GO:0051481; GO:0048715; GO:0051898; GO:0050709; GO:0051967; GO:0060158; GO:0032467; GO:0060161; GO:0045840; GO:0060134; GO:0014059; GO:0051584; GO:0043266; GO:0042220; GO:0034776; GO:0043278; GO:0009410; GO:0035176; GO:0008542
P08912,MEGDSYHNATTVNGTPVNHQPLERHRLWEVITIAAVTAVVSLITIVGNVLVMISFKVNSQLKTVNNYYLLSLACADLIIGIFSMNLYTTYILMGRWALGSLACDLWLALDYVASNASVMNLLVISFDRYFSITRPLTYRAKRTPKRAGIMIGLAWLISFILWAPAILCWQYLVGKRTVPLDECQIQFLSEPTITFGTAIAAFYIPVSVMTILYCRIYRETEKRTKDLADLQGSDSVTKAEKRKPAHRALFRSCLRCPRPTLAQRERNQASWSSSRRSTSTTGKPSQATGPSANWAKAEQLTTCSSYPSSEDEDKPATDPVLQVVYKSQGKESPGEEFSAEETEETFVKAETEKSDYDTPNYLLSPAAAHRPKSQKCVAYKFRLVVKADGNQETNNGCHKVKIMPCPFPVAKEPSTKGLNPNPSHQMTKRKRVVLVKERKAAQTLSAILLAFIITWTPYNIMVLVSTFCDKCVPVTLWHLGYWLCYVNSTVNPICYALCNRTFRKTFKMLLLCRWKKKKVEEKLYWQGNSKLP,,GO:0016907; GO:0004435,GO:0030425; GO:0005886; GO:0045211; GO:0045202,GO:0007197; GO:0007268; GO:0015872; GO:0007213; GO:0007187; GO:0001696; GO:0060304; GO:0019226
P41597,MLSTSRSRFIRNTNESGEEVTTFFDYDYGAPCHKFDVKQIGAQLLPPLYSLVFIFGFVGNMLVVLILINCKKLKCLTDIYLLNLAISDLLFLITLPLWAHSAANEWVFGNAMCKLFTGLYHIGYFGGIFFIILLTIDRYLAIVHAVFALKARTVTFGVVTSVITWLVAVFASVPGIIFTKCQKEDSVYVCGPYFPRGWNNFHTIMRNILGLVLPLLIMVICYSGILKTLLRCRNEKKRHRAVRVIFTIMIVYFLFWTPYNIVILLNTFQEFFGLSNCESTSQLDQATQVTETLGMTHCCINPIIYAFVGEKFRSLFHIALGCRIAPLQKPVCGGPGVRPGKNVKVTTQGLLDGRGKGKSIGRAPEASLQDKEGA,,GO:0019957; GO:0016493; GO:0031727; GO:0035716; GO:0035715; GO:0035717; GO:0004950; GO:0042802,GO:0005737; GO:0030425; GO:0009897; GO:0001650; GO:0016020; GO:0043025; GO:0043204; GO:0048471; GO:0005886,GO:0001974; GO:0019722; GO:0060326; GO:0007259; GO:0006968; GO:0019725; GO:0070098; GO:0006935; GO:0019221; GO:0002407; GO:0030097; GO:0048873; GO:0006959; GO:0006955; GO:0006954; GO:0090594; GO:0006874; GO:0061756; GO:1905517; GO:0002548; GO:0035696; GO:0007194; GO:0016525; GO:0043310; GO:0002829; GO:0097350; GO:0046641; GO:2000464; GO:2000451; GO:0120162; GO:0007204; GO:1900451; GO:2000473; GO:0090265; GO:0050729; GO:0032743; GO:1903238; GO:0090026; GO:2000439; GO:0051968; GO:0050870; GO:0010820; GO:0002827; GO:2000412; GO:0032760; GO:0032729; GO:0050727; GO:1905521; GO:0002724; GO:0045580; GO:0010574; GO:0009611; GO:0019233; GO:0035705
P51681,MDYQVSSPIYDINYYTSEPCQKINVKQIAARLLPPLYSLVFIFGFVGNMLVILILINCKRLKSMTDIYLLNLAISDLFFLLTVPFWAHYAAAQWDFGNTMCQLLTGLYFIGFFSGIFFIILLTIDRYLAVVHAVFALKARTVTFGVVTSVITWVVAVFASLPGIIFTRSQKEGLHYTCSSHFPYSQYQFWKNFQTLKIVILGLVLPLLVMVICYSGILKTLLRCRNEKKRHRAVRLIFTIMIVYFLFWAPYNIVLLLNTFQEFFGLNNCSSSNRLDQAMQVTETLGMTHCCINPIIYAFVGEKFRNYLLVFFQKHIAKRFCKCCSIFQQEAPERASSVYTRSTGEQEISVGL,,GO:0003779; GO:0019957; GO:0016493; GO:0071791; GO:0004950; GO:0015026; GO:0042802; GO:0004435; GO:0001618,GO:0009986; GO:0005737; GO:0005768; GO:0009897; GO:0005886,GO:0006915; GO:0006816; GO:0019722; GO:0060326; GO:0007166; GO:0007267; GO:0006968; GO:0071222; GO:0006935; GO:0002407; GO:0007186; GO:0006955; GO:0006954; GO:0000165; GO:2000110; GO:0007204; GO:0014808; GO:0070723; GO:0023052
P61073,MEGISIYTSDNYTEEMGSGDYDSMKEPCFREENANFNKIFLPTIYSIIFLTGIVGNGLVILVMGYQKKLRSMTDKYRLHLSVADLLFVITLPFWAVDAVANWYFGNFLCKAVHVIYTVNLYSSVLILAFISLDRYLAIVHATNSQRPRKLLAEKVVYVGVWIPALLLTIPDFIFANVSEADDRYICDRFYPNDLWVVVFQFQHIMVGLILPGIVILSCYCIIISKLSHSKGHQKRKALKTTVILILAFFACWLPYYIGISIDSFILLEIIKQGCEFENTVHKWISITEALAFFHCCLNPILYAFLGAKFKTSAQHALTSVSRGSSLKILSKGKRGGHSSVSTESESSSFHSS,,GO:0003779; GO:0019957; GO:0016493; GO:0016494; GO:0038147; GO:0015026; GO:0004930; GO:0032027; GO:0043130; GO:0031625; GO:0001618,GO:0070161; GO:0031252; GO:0009986; GO:0005737; GO:0031410; GO:0005769; GO:0009897; GO:0070062; GO:0005770; GO:0005764; GO:0005886; GO:0032991,GO:0006915; GO:0007420; GO:0019722; GO:0060326; GO:0071345; GO:0038160; GO:0002407; GO:0007186; GO:0006955; GO:0006954; GO:0043217; GO:0022008; GO:0030335; GO:0120162; GO:0007204; GO:2000448; GO:0048714; GO:1904018; GO:0030155; GO:0050920; GO:0001666; GO:0009615
P41145,MDSPIQIFRGEPGPTCAPSACLPPNSSAWFPGWAEPDSNGSAGSEDAQLEPAHISPAIPVIITAVYSVVFVVGLVGNSLVMFVIIRYTKMKTATNIYIFNLALADALVTTTMPFQSTVYLMNSWPFGDVLCKIVISIDYYNMFTSIFTLTMMSVDRYIAVCHPVKALDFRTPLKAKIINICIWLLSSSVGISAIVLGGTKVREDVDVIECSLQFPDDDYSWWDLFMKICVFIFAFVIPVLIIIVCYTLMILRLKSVRLLSGSREKDRNLRRITRLVLVVVAVFVVCWTPIHIFILVEALGSTSHSTAALSSYYFCIALGYTNSSLNPILYAFLDENFKRCFRDFCFPLKMRMERQSTSRVRNTVQDPAYLRDIDGMNKPV,,GO:0038048; GO:0004985; GO:0042923; GO:0033612,GO:0043679; GO:0005829; GO:0030425; GO:0016020; GO:0005739; GO:0043005; GO:0005654; GO:0043204; GO:0005886; GO:0045211; GO:0042734; GO:0016529; GO:0030672; GO:0030315,GO:0007193; GO:0031635; GO:0048148; GO:0071333; GO:0071222; GO:0007268; GO:1990708; GO:0051607; GO:0042755; GO:0044849; GO:0038003; GO:0006955; GO:0007626; GO:0042711; GO:0033685; GO:0007218; GO:0007200; GO:0033603; GO:1904000; GO:1900745; GO:1901381; GO:0046877; GO:1903937; GO:0043627; GO:0045471; GO:0032868; GO:0035094; GO:0007600; GO:0019233; GO:0050951
P25090,METNFSTPLNEYEEVSYESAGYTVLRILPLVVLGVTFVLGVLGNGLVIWVAGFRMTRTVTTICYLNLALADFSFTATLPFLIVSMAMGEKWPFGWFLCKLIHIVVDINLFGSVFLIGFIALDRCICVLHPVWAQNHRTVSLAMKVIVGPWILALVLTLPVFLFLTTVTIPNGDTYCTFNFASWGGTPEERLKVAITMLTARGIIRFVIGFSLPMSIVAICYGLIAAKIHKKGMIKSSRPLRVLTAVVASFFICWFPFQLVALLGTVWLKEMLFYGKYKIIDILVNPTSSLAFFNSCLNPMLYVFVGQDFRERLIHSLPTSLERALSEDSAPTNDTAANSASPPAETELQAM,,GO:0001540; GO:0038024; GO:0004875; GO:0004930; GO:0004982; GO:0050786; GO:0005124; GO:0038023,GO:0005737; GO:0101003; GO:0016020; GO:0005886; GO:0035579; GO:0070821,GO:0007193; GO:0048143; GO:0019722; GO:0007155; GO:0007166; GO:1904646; GO:0006935; GO:0002430; GO:0042742; GO:0007186; GO:0002768; GO:0006954; GO:0001774; GO:0050728; GO:0043524; GO:0007200; GO:0050918; GO:0007204; GO:0070374; GO:0045089; GO:0090026; GO:0050766; GO:0051897; GO:0032930; GO:0006898
P08483,MTLHSNSTTSPLFPNISSSWVHSPSEAGLPLGTVTQLGSYNISQETGNFSSNDTSSDPLGGHTIWQVVFIAFLTGFLALVTIIGNILVIVAFKVNKQLKTVNNYFLLSLACADLIIGVISMNLFTTYIIMNRWALGNLACDLWLSIDYVASNASVMNLLVISFDRYFSITRPLTYRAKRTTKRAGVMIGLAWVISFVLWAPAILFWQYFVGKRTVPPGECFIQFLSEPTITFGTAIAAFYMPVTIMTILYWRIYKETEKRTKELAGLQASGTEAEAENFVHPTGSSRSCSSYELQQQGVKRSSRRKYGRCHFWFTTKSWKPSAEQMDQDHSSSDSWNNNDAAASLENSASSDEEDIGSETRAIYSIVLKLPGHSSILNSTKLPSSDNLQVSNEDLGTVDVERNAHKLQAQKSMGDGDNCQKDFTKLPIQLESAVDTGKTSDTNSSADKTTATLPLSFKEATLAKRFALKTRSQITKRKRMSLIKEKKAAQTLSAILLAFIITWTPYNIMVLVNTFCDSCIPKTYWNLGYWLCYINSTVNPVCYALCNKTFRTTFKTLLLCQCDKRKRRKQQYQQRQSVIFHKRVPEQAL,,GO:0042166; GO:0016907; GO:0031789; GO:0050997,GO:0032279; GO:0043679; GO:0009925; GO:0016323; GO:0030425; GO:0005789; GO:0098978; GO:0005886; GO:0098839; GO:0042734; GO:0045202,GO:0095500; GO:0007197; GO:0019722; GO:0007268; GO:0007213; GO:0007187; GO:1990806; GO:0003063; GO:0007207; GO:0032024; GO:0045987; GO:1904695; GO:0045907; GO:0006940; GO:1905144; GO:0046541; GO:0006939; GO:0007271
P48039,MQGNGSALPNASQPVLRGDGARPSWLASALACVLIFTIVVDILGNLLVILSVYRNKKLRNAGNIFVVSLAVADLVVAIYPYPLVLMSIFNNGWNLGYLHCQVSGFLMGLSVIGSIFNITGIAINRYCYICHSLKYDKLYSSKNSLCYVLLIWLLTLAAVLPNLRAGTLQYDPRIYSCTFAQSVSSAYTIAVVVFHFLVPMIIVIFCYLRIWILVLQVRQRVKPDRKPKLKPQDFRNFVTMFVVFVLFAICWAPLNFIGLAVASDPASMVPRIPEWLFVASYYMAYFNSCLNAIIYGLLNQNFRKEYRRIIVSLCTARVFFVDSSNDVADRVKWKPSPLMTNNNVVKVDSV,,GO:0004930; GO:0042562; GO:0008502,GO:0005886;GO:0043235,GO:0007193; GO:0007623; GO:0007186; GO:0007187; GO:0007617
P41595,MALSYRVSELQSTIPEHILQSTFVHVISSNWSGLQTESIPEEMKQIVEEQGNKLHWAALLILMVIIPTIGGNTLVILAVSLEKKLQYATNYFLMSLAVADLLVGLFVMPIALLTIMFEAMWPLPLVLCPAWLFLDVLFSTASIMHLCAISVDRYIAIKKPIQANQYNSRATAFIKITVVWLISIGIAIPVPIKGIETDVDNPNNITCVLTKERFGDFMLFGSLAAFFTPLAIMIVTYFLTIHALQKKAYLVKNKPPQRLTWLTVSTVFQRDETPCSSPEKVAMLDGSRKDKALPNSGDETLMRRTSTIGKKSVQTISNEQRASKVLGIVFFLFLLMWCPFFITNITLVLCDSCNQTTLQMLLEIFVWIGYVSSGVNPLVYTLFNKTFRDAFGRYITCNYRATKSVKTLRKRSSKIYFRNPMAENSKFFKKHGIRNGINPAMYQSPMRLRSSTIQSSSIILLDTLLLTENEGDKTEEQVSYV,,GO:0004993; GO:0001965; GO:0001587; GO:0005096; GO:0030594; GO:0051378; GO:0099589,GO:0005737; GO:0030425; GO:0098666; GO:0005654; GO:0005886; GO:0045202,GO:0019722; GO:0003300; GO:0019934; GO:0007268; GO:0048598; GO:0070371; GO:0007186; GO:0007187; GO:0098664; GO:0003007; GO:0014827; GO:0006874; GO:0043066; GO:0014033; GO:0001755; GO:0007208; GO:0043123; GO:0051781; GO:0008284; GO:0001819; GO:0001938; GO:0070374; GO:0010513; GO:0050795; GO:0051209; GO:0009410; GO:0007210; GO:0042310
O43613,MEPSATPGAQMGVPPGSREPSPVPPDYEDEFLRYLWRDYLYPKQYEWVLIAAYVAVFVVALVGNTLVCLAVWRNHHMRTVTNYFIVNLSLADVLVTAICLPASLLVDITESWLFGHALCKVIPYLQAVSVSVAVLTLSFIALDRWYAICHPLLFKSTARRARGSILGIWAVSLAIMVPQAAVMECSSVLPELANRTRLFSVCDERWADDLYPKIYHSCFFIVTYLAPLGLMAMAYFQIFRKLWGRQIPGTTSALVRNWKRPSDQLGDLEQGLSGEPQPRARAFLAEVKQMRARRKTAKMLMVVLLVFALCYLPISVLNVLKRVFGMFRQASDREAVYACFTFSHWLVYANSAANPIIYNFLSGKFREQFKAAFSCCLPGLGPCGSLKAPSPRSSASHKSLSLQSRCSISKISEHVVLTSVTTVLP,,GO:0004930; GO:0016499; GO:0017046,GO:0005886;GO:0045202,GO:0032870; GO:0007268; GO:0007631; GO:0007218; GO:0070374; GO:0051480
P08908,MDVLSPGQGNNTTSPPAPFETGGNTTGISDVTVSYQVITSLLLGTLIFCAVLGNACVVAAIALERSLQNVANYLIGSLAVTDLMVSVLVLPMAALYQVLNKWTLGQVTCDLFIALDVLCCTSSILHLCAIALDRYWAITDPIDYVNKRTPRRAAALISLTWLIGFLISIPPMLGWRTPEDRSDPDACTISKDHGYTIYSTFGAFYIPLLLMLVLYGRIFRAARFRIRKTVKKVEKTGADTRHGASPAPQPKKSVNGESGSRNWRLGVESKAGGALCANGAVRQGDDGAALEVIEVHRVGNSKEHLPLPSEAGPTPCAPASFERKNERNAEAKRKMALARERKTVKTLGIIMGTFILCWLPFFIVALVLPFCESSCHMPTLLGAIINWLGYSNSLLNPVIYAYFNKDFQNAFKKIIKCKFCRQ,,GO:0004993; GO:0001586; GO:0030594; GO:0090722; GO:0051378; GO:0099589,GO:0030425; GO:0005886; GO:0045202,GO:0007198; GO:0001662; GO:0007268; GO:0035640; GO:0007186; GO:0007187; GO:0007214; GO:0008284; GO:0050795; GO:0042053; GO:0046883; GO:0014062; GO:0019229; GO:0042428; GO:0007210
